Finnish,English,Type
 tietokoneohjelmoija,computer programmer,noun
aalto,wave,
aamup‰iv‰,"morning, midday",
‰‰nest‰‰,to vote,verb
‰‰nestys,"voting, vote",
‰‰rell‰,near,
‰‰ress‰,"at, by",
aavistaa,"to suspect, to anticipate, to expect || to have a bad feeling about something",verb
Afrikka,Africa,
ahdas,"narrow, tight, cramped, crowded",
ahdistaa,"to harass, to pester || to irritate, to annoy || to chase || to pressure",verb
ai,"ouch!, ow!, oh!",
‰idinkieli,mother tongue,
aihe,"topic, subject matter || motive, theme",
aiheellinen,"justified, well-founded, well-grounded",
aiheutua,"(intrans.) to be caused by, to be brought about by || to grow out of, to originate from",verb
aika,"time || age, period",
aikaansaada,"to accomplish, to achieve. to attain || to bring about, to produce",verb
aikainen,"early || of the time of, of the period of",
aikaisemmin,earlier,adjective
aikaisimmin,earliest,adjective
aikaisin,early,adjective
aikakausi,"period, age, era, epoch",
aikana,during,postposition
aikataulu,"timetable, schedule",
aikoa,"to plan to, to intend, to aim",verb
aikuinen,"adult, grownup",
ainakin,at least,
aine,"substance, material",
aineisto,"material || research material, data",
aines,"material, ingredient, component, element, substance",
ainoa,"only, single, solitary sole",
ainoastaan,"only, merely, solely",
aita,"fence, barrier, enclosure. railing",
aito,"real, authentic, genuine, original",
aivan,"quite, totally, exactly",
ajallinen,"temporal, earthly",
ajanjakso,"period, era, epoch, age",
ajankohta,"time, point in time, moment, juncture",
ajankohtainen,"timely, topical, current, contemporary",
ajatella,to think about,verb
ajattelu,"thought, thinking, cogitation, reflection",
ajatus,"thought, idea, notion || belief, opinion",
ajo,"driving, carting, transporting, carrying",
ajoissa,"in time, in plenty of time, early, on time",
ajoneuvo,"(motor) vehicle, conveyance",
akateeminen,academic,
‰kki‰,suddenly,
akseli,"axle, shaft, spindle, (math) axis",
aktiivinen,active,
ala,"area, space, region | business, trade, profession",
alainen,"subordinate, employee || dependent on",
alas,"down, downward",
alasp‰in,downwards,
alempi,"lower, inferior, under, nether",
alentaa,"to lower, to decrease, to reduce, to diminish || to bring down",verb
alhaalla,"down below, below, down there, at the bottom",
alhainen,"low, common, humble, lowly || base, mean",
alin,"lowest, minimum",
alituinen,"constant, continuous, incessant",
alkio,"1. embryo. 2. element, member (of a set)",
alkoholi,alcohol,
alku,"beginning, start",
alkuper‰inen,original,
alkupuoli,"first half, first section, beginning",
alla,"under, below, beneath (alla, alta, alle)",postposition
allekirjoittaa,to sign,verb
aloite,"motion, initiative",
aloittaa,"to start, to begin, to commence, 2. to set in motion",verb
altis,"exposed, vulnerable, endangered",
alue,"area, region",
alueellinen,"regional, territorial",
alus,"boat, vessel, ship, craft || base, bottom",
alusta,"base, bottom, platform, foundation",
alustava,"tentative, preliminary, preparatory, provisional",
Amerikan Yhdysvallat,United States of America,
Amerikka,America,
amerikkalainen,American,
ammatti,"profession, vocation, trade, craft",
ammattikoulu,vocational school,
ampua,"to shoot, to fire, to discharge",verb
analyysi,analysis,
ahkera,hard-working,adjective
ankara,"severe, harsh, strict, rigid || rigorous, taxing",
annos,portion/serving,
anoa,"to ask, to beg, to request, to implore",verb
ansaita,"to earn, to make, to win, to gain || to deserve, to be entitled",verb
ansio,income,
antaa,to give,verb
anteeksi,excuse me,
antero-,"anterior, front",
aparaatti,"apparatus, gadget, widget",
apostoli,apostle,
apu,"help, assistance",
apulainen,"helper, assistant, aid || nanny",
aristokraatti,aristocrat,
armeija,army,
armo,"grace, mercy",
artikkeli,article,
arvata,"to guess, to speculate",verb
arvella,"to presume, to suppose || to assume, to take for granted, to believe",verb
arvio,"estimate, estimation, assessment, appraisal || opinion, judgement",
arvioida,"to estimate, to appraise, to assess",verb
arviointi,"estimation, evaluation, assessment, appraisal || mark, grade",
arvo,"prestige, prominence || reputation, esteem, regard || honor, merit || value, price",
arvoinen,worth,
arvokas,"invaluable, worthwhile, precious, priceless || treasured, valued, esteemed",
arvostaa,"to value, to prize || to revere to cherish, to esteem, to honor",verb
arvostella,"to review, to evaluate, to assess",verb
arvostelu,"critique, review, analysis || appraisal, evaluation, assessment",
arvostus,"respect, regard, esteem, appreciation, admiration",
ase,"weapon, gun || tool, instrument",
asenne,"attitude, stance, outlook",
asennoitua,"to take a stand (on), to assume a position (on)",verb
asentaa,"to install, to mount, to fit",verb
asento,"position, posture, stance",
asettaa,"to place, to set, to position, 2. to establish, to set up, 3. To arrange, compose, organise, coordinate",verb
asettua,to take a stance || to settle down,verb
asetus,"statute, decree, law, regulation",
asiakirja,document,
asiallinen,"matter of fact, proper, rational, reasonable",
asianajaja,"solicitor, lawyer",
asianmukainen,"appropriate, suitable",
asianomainen,"relevant, proper, appropriate",
asiantuntija,"expert, authority, specialist",
asiaton,"inappropriate, irrelevant || unfounded",
‰skeinen,"recent, previous",
askel,"step, stride",
‰sken,a moment ago,
‰skett‰in,"recently, a little while ago",
aste,"1. degree (also Celsius degree), 2. grade",
asteikko,scale || range,
asti,"until, till/to || as many as, as much as",
astua,"to step (out/on), to stride",verb
asu,"dress, outfit, clothing || appearance, looks",
asukas,"inhabitant, resident || tenant, lodger",
asunto,"residence, dwelling || lodgings",
asutuskeskus,center of population,
ateria,meal,
aueta,to open || to unfold,verb
auki,open,adjective
aukko,hole; gap,
aurinko,sun,
aurinkoinen,sunny,
autoilija,"driver, motorist, truckdriver",
automaattinen,automatic,
autuas,blessed,
avaruus,(outer) space || vastness,
avata,"to open, to unblock",verb
avautua,to open up || to come undone,verb
avioliitto,marriage,
avoin,"open, accessible",
avustaa,"to assist, to help || to contribute to",verb
avustus,"help, aid || contribution, grant",
baari,bar,
Berliini,Berlin,
betoni,concrete (material),
biografia,biography,
biologinen,biological,
budjetti,budget,
celsiusaste,"degree Celsius, centigrade",
diplomi,diploma,
dollari,dollar,
edell‰,"above, before, ahead of",
edelleen,"still, further, onwards",
edellinen,"previous, former",
edellytt‰‰,"to require, to oblige || to presuppose, to necessitate",verb
edellytys,"condition, requirement, qualification",
edelt‰‰,"to precede, to go before, to come before",verb
edes,"at least, even",
edess‰,"in front of, ahead of (edess‰, edest‰, eteen)",postposition
edet‰,to proceed || to progress,verb
edist‰‰,"to advance, to further || to promote, to encourage",verb
edisty‰,"to advance, to proceed || to progress || to develop",verb
edullinen,"profitable, lucrative || favorable, advantageous, beneficial",
eduskunta,"parliament, congress",
edusta,"front, the area in front of",
edustaa,"to represent, to be representative, to act on behalf of",verb
edustaja,"representative, delegate",
Eesti,Estonia,
ehdokas,"candidate, nominee",
ehdoton,"unconditional, absolute || unrestricted, unlimited",
ehdottaa,to suggest || to recommend,verb
ehdottomasti,"absolutely, positively, unquestionably",
ehdotus,suggestion || recommendation,
ehk‰,maybe,
ehk‰ist‰,"to prevent, to avert || to stop, to halt, to check",verb
ehti‰,to have time (to do sth) / to reach smt. in time,verb
ehto,condition,
ei suinkaan,not at all,
eilen,yesterday,
eilinen,yesterday ¥s,
eksy‰,"to get lost || to stray, to wander",verb
el‰‰,"to live, to be alive",verb
el‰in,"animal, beast, creature",
el‰ke,"pension, retirement pay",
el‰v‰,"1. having life; being alive, live, living, 2. Animated, lively, buoyant, perky, vivacious; playful",
elementti,element,
eli,"or, in other words",
elin,"organ, system",
elintarvike,"food stuff (product), grocery",
elintaso,standard of living,
ellei,"if not, unless",
elo ja olo,way of life,
elokuu,August,
elokuva,movie,
em‰nt‰,"hostess, lady of the house",
en‰‰,anymore,
enemm‰n,more,adjective
enemmistˆ,majority,
energia,energy,
englantilainen,english (adj or person),
enint‰‰n,"at most, maximum, not more than",
eniten,most,adjective
enkeli,angel,
ennakko,"advance (payment), down payment",
enn‰tys,record (extreme),
ennen,"before, prior to, until",
ennustaa,"to forecast, to predict",verb
ensi,"first, next",
ensiksi,"at first, firstly",
ensimm‰inen,the first,
ensin,"first, at first",
ensinn‰kin,"firstly, at first",
ensisijainen,"primary, main, chief, principal",
ent‰,how about,
entinen,"former, previous, earlier | ancient, past",
ep‰ilem‰tt‰,"doubtlessly, undoubtedly, certainly",
ep‰ill‰,"to suspect, to imagine || to doubt, to question",verb
ep‰kohta,"flaw, fault, defect || drawback, disadvantage",
ep‰m‰‰r‰inen,"vague, non-specific, indefinite, uncertain",
ep‰onnistua,to fail || to abort,verb
ep‰varma,"uncertain, doubtful || hesitant, timid",
er‰,"amount, quantity || batch, lot",
er‰‰nlainen,"a kind of, a type of",
er‰maa,wilderness,
er‰s,"someone, a certain, one of",
erehty‰,"to make a mistake, to be mistaken || to go astray, to sin",verb
erikoinen,"special, exceptional, perculiar, odd",
erikseen,"individually, separately || aside",
erilainen,"different, unlike, dissimilar",
erillinen,"separate, detached || single, individual",
erimielisyys,"disagreement || dispute, argument",
erin‰inen,particular,
erinomainen,"excellent, outstanding, great",
erist‰‰,"to split up, to separate || to isolate, to seclude",verb
eritt‰in,"extremely, really",
erityinen,"special, specific, particular",
ero,"difference, distinction || parting || separation",
erota,"to differ, to be different from || to part, to depart || to separate || to break up",verb
erottaa,"to make different, to distinguish || to separate, to divide",verb
esiin,"out, in the open || forth",
esiinty‰,"to appear, to occur",verb
esill‰,"on display, visible",
esimerkiksi,for example,
esimerkki,"example, paradigm",
esimies,"boss, manager || principal",
esine,"object, article, thing",
esitell‰,to introduce,verb
esitelm‰,"presentation, lecture",
esitt‰‰,"to express, to offer",verb
esittely,"introduction, presentation || proposal || show",
esitys,"performance, presentation",
Espanja,Spain,
est‰‰,to prevent,verb
este,"obstacle, barrier, hindrance",
et‰isyys,distance,
eteen,in front of,
eteenp‰in,"forward, onwards, ahead",
etel‰,south,
etel‰inen,"southern, southerly",
Etel‰-Suomi,Southern Finland,
etenkin,"especially, particularly",
etsi‰,"to look for, to search for",verb
etu,"advantage, benefit",
etuala,"foreground, stagefront",
etuk‰teen,"beforehand, in advance",
etunimi,first name,
etup‰‰,front part of anything,
etusormi,index finger,adjective
Eurooppa,Europe,
eurooppalainen,european,
evankeliumi,Gospel,
eversti,colonel,
faktori,factor,
fasismi,facism,
filosofia,philosophy,
funktio,function (math),
fyysinen,physical,
gramma,gram,
haalarit,overalls,
haastatella,to interview,verb
h‰‰t,wedding,
haava,"wound, cut",
haavoittua,"to be wounded, to be injured",verb
hahmo,"shape, figure || character",
haima,pancreas,adjective
h‰iriˆ,"disturbance, disorder",
h‰irit‰,to disturb,verb
haitallinen,harmful,
haitata,"to hinder || to bother, to irritate",verb
haitta,disadvantage || inconviniance,
hajota,"to break into pieces, to shatter || to dissolve",verb
hakata,"to bang, to hammer || to chop trees",verb
hakea,"to get, to retrieve, to seek out",verb
hakemus,"application, written request",
hakeutua,to find your way || to gravitate toward,verb
hakija,"applicant, candidate",
hakkuu,logging,
halki,"in two, split",
hallinnollinen,administrative,
hallinta,"rule, control, reign || occupation",
hallinto,administration,
hallintoneuvosto,supervisoary board,
hallita,"to dominate, to rule",verb
hallitsija,"ruler, sovereign || manager",
hallitus,"government, regime",noun
hallituspuolue,governing party,
hallussa,in someone's possession,
halpa,cheap,
haltija,"possessor, occupant || elf",
halu,"desire, lust, urge",
h‰m‰r‰,"dusk, twilight || shady, gloomy",
hammas,tooth,
hankala,challenging,
hankinta,"acquisition, purchase",
hankkia,to acquire || to purchase,verb
hanska,glove,
h‰nt‰,tail,
hapan,sour,adjective
happo,acid,
harjoitella,to train,verb
harjoittaa,"to practice, to train",verb
harjoitus,exercise,
harkinta,"consideration, deliberation || judgement",
harkita,to consider,verb
harmaa,grey,
harras,religious || devoted,
harrastaa,"to be interested in, to have as a hobby",verb
harrastus,hobby,
hartia,shoulder,
harva,"sparse (population), thin",
harvemmin,less often,adjective
harvimmin,sparsely,adjective
harvinainen,"rare, exceptional",
harvoin,"rarely, seldom",adjective
h‰t‰,"danger || emergency, need",
hattu,"hat, cap",
hauki,"pike (fish), northern trout",
hauska,"funny, pleasant",adjective
hauta,"grave, tomb",
hautausmaa,"cemetery, graveyard",
havainto,"perception, observation",
havaita,"to detect, to perceive | to realize",verb
h‰vit‰,"1. (intransitive) To disappear, vanish, 2. To get lost, 3. To lose, suffer a defeat",verb
h‰vitt‰‰,to destroy,verb
hedelm‰,fruit,
hehtaari,hectare,
heijastua,"to mirror, to reflect || to be reflected",verb
heikko,weak,adjective
heikkous,weakness,
heilua,to swing; to work hard,verb
heimo,tribe,
hein‰kuu,July,
heitt‰‰,to throw,verb
helmi,"pearl || gem, jewel",
helmikuu,February,
helpottaa,to ease,verb
helsinkil‰inen,Helsinkian,
helvetti,hell,
hengellinen,"spiritual, sacred",
hengitt‰‰,"to breathe, to inhale",verb
henkilˆauto,passenger car,
henkilˆkohtainen,"personal, intimate",
henkilˆkunta,"staff, personnel",
henkinen,emotional || spiritual,
her‰t‰,to wake up,verb
her‰tt‰‰,"(trans.) to wake (someone) up, to raise, to awaken (also figuratively)",verb
herkk‰,sensitive || easily offended,
hevonen,horse,
hidas,slow,adjective
hiekka,sand,
hieman,slightly,
hieno,"great, fine",
hiiht‰‰,to ski,verb
hiippakunta,"bishopric, diocese",
hiljaa,quietly,
hiljainen,quiet,
hiljaisuus,silence,
hinkua,to pant,verb
hirvi,moose,
historia,history,
historiallinen,historical,
hiukan,"a little, a bit",
hius,a single hair (on human head),
hoitaa,"to nurse, to care for, to treat",verb
hoitaja,"caretaker, nurse",
hoito,"treatment, care",
hotelli,hotel,
houkutella,"to entice, to lure",verb
hˆyry,steam,
hra,mr. (abb),
huhtikuu,April,
huippu,"peak, zenith, climax",
hullu,"mad, lunatic || fool, idiot",
huolehtia,"1. To care, tend, to look after, 2. To take care of, deal with, 3. To care, mind, 4. To worry",verb
huolellinen,"careful, thorough, painstaking",
huoli,"worry, concern",
huolia,"to concern, to care about",verb
huoltamo,"repair shop, garage",
huolto,"service, maintenance, upkeep",
huomata,to notice,verb
huomattava,"notable, remarkable",
huomattavasti,"for notably, considerably",
huomauttaa,"to point out, to remark",verb
huomautus,"remark, comment || reminder",
huomio,attention,
huomen,morning,
huoneisto,"apartment, flat",
huonekalu,piece of furniture,
huono,"bad, poor",
huonosti,badly,
huuli,lip,
huumori,humor,
huutaa,to shout; to yell,verb
huuto,"shout, yell || cry || moan",
huvila,"villa, cottage",
hyl‰t‰,"to refuse, to reject, to turn down",verb
hymy,smile,
hymyill‰,to smile,verb
hyˆdyke,"commodity, good",
hyˆdyllinen,useful,
hyˆk‰t‰,"to attack, to assault, to invade",verb
hyˆkk‰ys,"attack, assault, invasion",
hyˆnteinen,"insect, bug",
hyˆty,"gain, benefit",
hyp‰t‰,to jump (usually once),verb
hyppy,"jump, leap",
hyv‰ksy‰,to accept / to ratify,verb
hyv‰ksytt‰v‰,acceptable,
hyvin,very,adjective
iankaikkinen,"eternal, everlasting",
idea,idea,
ihailla,to admire,verb
ihan,"quite, totally, exactly",
ihana,"wonderful, sweet, lovely, beautiful",
ihastua,to be delighted with || to fall for,verb
ihme,"miracle, wonder",
ihmeellinen,"wonderful, miraculous",
ihmetell‰,to wonder,verb
ihminen,"person, human being",
ihmiskunta,"humanity, the human race",
iho,skin,adjective
ik‰,age || life time,
ik‰‰n kuin,"as if, though",
ik‰inen,aged,
ik‰luokka,"generation, age group",
ik‰v‰,boredom || longing,
ik‰vˆid‰,to yearn,verb
ikuinen,"eternal, everlasting, perpetual",
ilahduttaa,"to make someone happy, to delight",verb
ilmaantua,"to appear, to become visible",verb
ilmainen,"free of charge, gratuitous, complimentary",
ilmaista,to express (oneself),verb
ilmaisu,expression (particular way of phrasing an idea),
ilmapiiri,"atmosphere, mood",
ilmaus,"expression, idiom || sign",
ilme,facial expression,
ilmeinen,"obvious, apparent",
ilmesty‰,to appear || to be published,verb
ilmet‰,"to arise, to appear || to take the form of, to be manifested as",verb
ilmiantaa,to report,verb
ilmiˆ,phenomenon,
ilmoittaa,"to inform, to report, to announce",verb
ilmoitus,"notification, advertisement",
ilo,"joy, delight, happiness",
iloinen,"happy, cheerful",
iloita,"to be happy, to be glad",verb
iltap‰iv‰,afternoon,
inhimillinen,"humane, compassionate, considerate",
innokas,"eager, enthusiastic",
innostua,to get excited,verb
investointi,investment,
irrota,"to loosen, to come undone",verb
irrottaa,"to detach, to free, to unfasten || to release",verb
irti,"unfastened, loose, off",adjective
is‰nmaa,"fatherland, native country",
is‰nt‰,master; host,
iske‰,"to strike, to hit",verb
isku,hit; blow; impact,
iso,big,
Israel,Israel,
istunto,"session, sitting, meeting",
istuttaa,to plant,verb
it‰,east,
Italia,Italy,
italialainen,Italian,
it‰-suomi,Eastern Finland,
It‰valta,Austria,
itke‰,to cry,verb
itsen‰inen,independent,
itsen‰isyys,independence,
itsest‰‰n,"by itself, on its own",
ja niin edelleen,et cetera,
j‰‰,ice,
j‰‰d‰,to stay,verb
j‰‰d‰ j‰ljelle,to be left (over),verb
j‰‰telˆ,ice cream,
j‰‰ty‰,to freeze (intrans),verb
jakaantua,"to divide, to split up",verb
jakautua,"to be divided up, to split up",verb
jako,"distribution, division",
jaksaa,"to manage, to have the energy to",verb
jakso,"period, section || phase, stage",
jalankulkija,pedestrian,
j‰ljell‰,"left, remaining",
j‰ljess‰,"after, behind, lacking",
j‰lkeen,"after, then",
j‰lkeinen,"after, following, post-",
j‰lki,"track, trace",
j‰lkimm‰inen,the latter,
j‰lleen,"again, once again",
j‰nnite,"tension, voltage || suspense",
j‰nnitt‰v‰,exciting,
j‰nnitys,"excitement, tension",
Japani,Japan,
j‰rjest‰‰,"to arrange, to organize",verb
j‰rjestelm‰,system,
j‰rjestely,arrangement,
j‰rjestˆ,organization,
j‰rjestys,order (as opposed to disorder),
j‰rki,"sense, reason",
j‰rvi,lake,
j‰te,"waste, garbage, rubbish",
jatkaa,to continue,verb
jatko,continuation || prolongation,
jatkua,"to continue, to go on",verb
jatkuva,"continuous, prolonged, perpetual",
j‰tt‰‰,"to leave, to drop off",verb
j‰ykk‰,"stiff, rigid",
Joensuu,Joensuu (city),
johdonmukainen,"1. logical, 2. consistent, coherent",
johdosta,due to,
johtaa,to lead,verb
johtaja,manager,
johto,"management, administration",
johtokunta,management,
johtop‰‰tˆs,conclusion,
johtua,"to result from, to be attributed to",verb
jokainen,"1. each, every, 2. everyone, everybody",
jokap‰iv‰inen,daily,
joki,river,
jokseenkin,"pretty, quite, rather",
jollainen,such as,
jollei,"unless, if not",
jonkinlainen,some kind of a,
jonne,"where, whither",
jonnekin,"somewhere, anywhere",
joo,yes,
jopa,even (including),
jorma,penis (slang),
joskin,even though,
joukko,"a group || a bunch, a number, a troop",
joukkue,team,
joulu,Christmas,
joulukuu,December,
joulupukki,Santa Claus,
joutua,"to get (into a negative position or situation), to end up in (involuntarily)",verb
juhannus,midsummer day,
juhla,party,
julistaa,to announce,verb
julistus,"declaration, bill, decree",
julkaista,to publish,verb
julkaisu,"publication, release",
julkilausuma,"declaration, proclamation",
julkinen,"public, national",
julkisuus,publicity,
jumalanpalvelus,"divine service, worship",
juna,train,
juoda,to drink,verb
juoksu,a run (act of running),
juoma,drink,
juosta,to run,verb
jutella,"to talk, to chat, to converse",verb
juttu,"story, tale || talk, chat",
juuri,"root, cause, reason",
juuri ja juuri,"just barely, by the skin of your teeth",
juusto,cheese,
juutalainen,Jewish,
jyrkk‰,steep,
k‰‰nnˆs,"turn (direction) || translation, version",
k‰‰nt‰‰,to translate,verb
k‰‰nty‰,to turn,verb
kaappi,"cabinet, console, cupboard, locker",
kaari,curve,
k‰‰ri‰,"to wrap, to roll",verb
kaasu,"gas, gas pedal",
kaataa,to pour,verb
kaatua,to fall,verb
kaava,"formula, pattern",
kadota,to disappear,verb
kahdeksan,eight,
kahvi,coffee,
kai,probably,
kaikenlainen,all kinds,
kaikkein,most of all,
kaikkiaan,"in all, altogether",
kaikkialla,everywhere,
kainalo,armpit,adjective
kaivaa,to dig,verb
kaivata,"need, to miss, to long for",verb
kaksikymment‰,twenty,
kaksitoista,twelve,
kalkkuna,turkey (animal),
kallio,"rock, cliff, stable",
kallis,expensive,
kaltainen,"similar, -like",
kalvo,"transparency || film, foil, sheet",
kamari,"chamber, (bed)room",
k‰mmen,palm,adjective
kana,chicken,
kanada,Canada,
kanava,canal,
kangas,"fabric, material, cloth, canvas",
kannattaa,"to support, bear up, hold up, prop up, carry, to be worth(while) (for somebody to do)",verb
kansa,people,
kansainv‰linen,international,
kansakoulu,elementary school,
kansakunta,nation,
kansalainen,citizen,
kansalaisuus,citizenship,
kansallinen,national,
kansallisuusaate,nationalism,
kansanvalta,democracy,
kansi,A generally flat cover of a hole or a container such as a jar or a box; a lid or a top,
kanssa,with,postposition
kanssak‰yminen,"relations, intercourse",
kanta,"1. position, opinion, basis, 2. stem",
kantaa,to carry,verb
kantap‰‰,heel,adjective
kapea,narrow,adjective
kappale,chapter,
karata,"to escape, run away",verb
karhu,bear (animal),
karitsa,lamb,
Karjala,Karelia (province),
karjalainen,Karelian,
karkea,"rough, coarse, harsh",
k‰rki,"point, tip",
k‰rsi‰,to suffer,verb
k‰rsimys,suffering || passion,
kartta,map (noun),
karu,barren,
kas,"so, I see, you see",
k‰si,hand,adjective
k‰sin,by hand,
k‰site,concept,
k‰sitell‰,"to deal with, to handle",verb
k‰sitt‰‰,"to understand, comprehend, fathom. 2. To comprise, consist of, include, encompass.",verb
k‰sittely,"1. handling, 2. treatment, processing, 3. hearing (in a legal case)",
k‰sitys,understanding,
k‰sivarsi,arm,adjective
k‰ske‰,"to order, to command",verb
k‰sky,"order, command",
kastaa,to baptize; to wet,verb
kaste,dew || baptism,
kastike,sauce,
kasvaa,to grow,verb
kasvattaa,"1. to let grow 2. to grow, raise, breed.",verb
kasvattaa,to breed,verb
kasvatus,"upbringing, education",
kasvi,"vegetable, plant",
kasvot,face,
kasvu,growth,
k‰tev‰,handy,
katkaista,"to cut, to split, to break (trans)",verb
k‰tke‰,to hide,verb
katketa,"to cut, to break (intrans)",verb
katsahtaa,to look at something briefly: Katsahdin kelloa,verb
katse,"look, glance, gaze",
katsella,"to look at / watch something in a less attentive way, casually, (semi-)aimlessly, in an observing/browsing manner, perhaps repeatedly over a longer period of time",verb
katsella,to watch,verb
katsoa,to look at / watch something with a direct intent and perhaps continuously,verb
katsoja,spectator,
kattaa,"to lay (on the table), to set, to cover",verb
katto,"roof, ceiling",
katu,street,
kauan,long,adjective
kauas,far away,
kauemmin,longer,adjective
kauimmin,longest,adjective
kauiten,longest,adjective
kaukainen,"far off, distant",
kaukana,far away,
kauko-,"remote, long distance",
kaula,neck,adjective
kauneimmin,most beautifully,adjective
kaunein,most beautiful,adjective
kauniimmin,more beautifully,adjective
kauniimpi,more beautiful,adjective
kauniisti,beautifully,adjective
kaunis,beautiful,adjective
kaupallinen,commercial,
kauppa,shop,
kauppala,market town,
kauppias,merchant,
kausi,season,
kautta,"via, through",postposition
k‰vell‰,to walk,verb
k‰ynti,visit,
k‰yr‰,curve,
k‰yt‰nnˆllinen,practical,
k‰yt‰ntˆ,"practice, custom",
k‰yt‰v‰,"corridor, aisle",
k‰ytt‰‰,"to use, to apply",verb
k‰ytt‰j‰,user,
k‰ytt‰yty‰,to behave,verb
k‰yttˆ,use,noun
k‰yttˆkelpoinen,"usable, useful",
kehitt‰‰,to develop,verb
kehitty‰,to develop (intransitive),verb
kehitys,development,
kehitysmaa,developing country,
keho,body,
kehottaa,"to recommend, to urge, to admonish",verb
keino,"way, means",
keisari,emperor,
keitt‰‰,to boil,verb
keittiˆ,kitchen,
keksi,"cracker, cookie",
keksi‰,to invent,verb
kello,clock,
keltainen,yellow,
kelvata,"to work, to do, to suffice",verb
kemiallinen,chemical,
kenk‰,shoe,
kenraali,"general, commander",
kenties,possibly,
kentt‰,field,
keppi,"stick, cane, rod",
ker‰‰nty‰,"to accumulate (intrans) || to come together, to meet || to build up",verb
ker‰t‰,"1. To collect, gather, accumulate, 2. To pick (berries, mushrooms, flowers)",verb
kerho,club,
kerma,cream,
kerros,floor (Like in first floor),
kerta,"time (once, twice, etc)",
kertoa,to tell,verb
kertomus,story,
hakemus,"application, written request, petition, proposal",
kerty‰,"to accrue, to accumulate",verb
kes‰kuu,June,
kes‰mˆkki,summer (country) cottage,
keskeinen,central,
kesken,"between, in the middle of",
kesken‰‰n,between each other,
keskeytt‰‰,to interrupt,verb
keskiarvo,mean (arithmetic),
keskim‰‰r‰inen,"average, mediocre",
keskim‰‰rin,on average,
keskin‰inen,mutual,
keskisormi,middle finger,adjective
keski-suomi,Central Finland,
keskitt‰‰,"to concentrate, to focus, to centralize",verb
keskitty‰,to be concentrated,verb
keskiviikko,Wednesday,
keskiyˆ,midnight,
keskus,centre,
keskussairaala,central hospital,
keskusta,"center, city center",
keskustapuolue,the center party,
keskustella,to discuss,verb
keskustelu,discussion,
keskuudessa,among,
kest‰‰,"to last, to cope",verb
kest‰v‰,"sustainable, durable",
kest‰vyys,"endurance, durability, stamina",
keuhko,lung,adjective
kev‰t,spring,
keve‰,light,
kevyt,light (in weight),adjective
kiehahtaa,"to come to a boil, to boil",verb
kiekko,"disc, puck",
kielt‰‰,"to deny, to forbid",verb
kielteinen,negative,
kierros,"round (as a circular or repetitive route, or as a serving)",
kiert‰‰,"to move, to circulate",verb
kiinni,"closed, shut",adjective
kiinnitt‰‰,"to attach, to fasten",verb
kiinnostaa,to interest,verb
kiinnostua,to become interested,verb
kiinnostus,interest,
kiinte‰,"firm, rigid",
kiinteistˆ,real estate,
kiinty‰,"to become fond of, to be attached",verb
kiire,hurry,
kiitollinen,"thankful, grateful, appreciative",
kiitt‰‰,to thank,verb
kiivet‰,to climb,verb
kilogramma,kilogram,
kilometri,kilometer,
kilpailija,"competitor, rival",
kilpailla,to compete,verb
kilpi,"shield, number plate",
kipaulu,competition,
kipe‰,"hurt, aching, ill",
kipu,pain,
kirjailija,author,
kirjain,"letter, character",
kirjallinen,written,
kirjallisuus,literature,
kirjasto,library,
kirjata,"to book, to register, to log",verb
kirjava,multicoloured,
kirje,(posted) letter,
kirjekuori,envelope (wrapper for mailing),
kirjoittaja,author,
kirjoitus,writing,
kirkas,"bright, clear, radiant",
kirkollinen,"ecclesiastical, church",
kirkolliskokous,synod (church council),
kirves,"hatchet, axe",
kisa,"race, competition",
kissa,cat,
klo,clock (abb.),
koe,"test, experiment",
koekappale,"prototype, sample",
koetella,"to try, to test || to feel, to touch",verb
koettaa,"to feel, to touch",verb
kohdata,"to face, to encounter",verb
kohde,target,
kohden,"towards, for",
kohdistaa,"to focus, to target",verb
kohdistua,"to be directed to, targeted at",verb
kohota,to rise,verb
kohottaa,"to elevate, to uplift, to hold up",verb
kohta,soon,
kohtaan,toward,
kohtalo,destiny,
kohti,towards,
kohtu,womb,adjective
kohtuullinen,"moderate, fair, reasonable",
koira,dog,
koitua,"to accrue, to result in",verb
koivu,birch,
kokeilla,to try out,verb
kokemus,"experience, knowledge",
kokko,bonfire,
koko,"whole, entire, all",
kokoelma,"collection, set",
kokoinen,sized (adjective),
kokonaan,entirely,
kokonainen,whole,
kokonaisuus,totality,
kokoomus,coalition,
kokoontua,to gather,verb
kolmas,third,
kolmekymment‰,thirty,
komea,handsome,
kommunisti,communist,
kommunistinen,communistic,
koneisto,"machinery, mechanism",
konferenssi,conference,
konkreettinen,concrete,
koolla,assembled,
koostua,to consist of,verb
koota,"to collect, to assemble, to put together",verb
korjata,to fix,verb
korjaus,"correction, fix",
korkea,high,adjective
kokea,to experience,verb
korkeakoulu,institution of higher education,
korkealla,"high up, high above",
korkeus,altitude,
korko,heel,
korostaa,to emphasize,verb
korottaa,to raise,verb
korotus,"increase, raise (noun)",
korrelaatio,correlation,
kortti,card,
korva,ear,adjective
korvata,"1. to replace, take the place of, 2. to compensate, reimburse for, refund, restitute",verb
korvaus,"compensation, reimbursement",
koskaan,ever,
koskea,"to touch, to contact",verb
koskettaa,to touch (transitive),verb
kosketus,"touch, (military) contact",
koski,rapid (in river),
kostea,"wet, moist",
kosteus,humidity,
kotiel‰in,"pet, domestic animal || farm animal",
kotimaa,home country,
kotimainen,domestic,
kotona,at home,
koululainen,schoolgoer,
kouluttaa,"to educate, to train",verb
koulutus,education,
kova,hard,adjective
kovasti,"1. hardly, 2. a great deal, very much",
kˆyh‰,poor / needy,
kˆysi,"line, rope, cord",
kpl,pieces (abb),
Kreikka,Greece,
kreikkalainen,Greek (adj),
kristinusko,christianity,
kristitty,Christian,
ks.,see (abbr),
kuihtua,to wither,verb
kuitenkin,"however, nonetheless",
kuiva,dry,adjective
kuivata,to dry (transitive),verb
kuivua,to dry (intrans),verb
kukaan,anyone,
kukin,each,
kukka,flower,
kukkia,to blossom,verb
kuljettaa,to transport,verb
kuljettaja,driver,
kuljetus,transport (n),
kulkea,"to go (by car, by bus)",verb
kulku,"motion, journey, path",
kulma,"corner, angle",
kulta,gold,
kulttuuri,culture,
kulua,to pass,verb
kulua,"to wear, to pass (time)",verb
kuluttaa,"to wear out, to consume",verb
kuluttaja,consumer,
kulutus,consumption,
kumma,"strange, odd || surprising",
kummallinen,"strange, odd, peculiar",
kumota,to tilt over || to invalidate,verb
kumpi,which (one of etc.),
kumpikin,both,
kuninkaallinen,"royal, regal, kingly",
kunnallinen,municipal,
kunnes,until,
kunnia,"honor, glory",
kunnioittaa,"to honor, to revere, to respect",verb
kunta,municipality,
kunto,"condition, fitness",
kuntoutua,to get into shape,verb
kuolema,death,
kuolla,to die,verb
kuollut,dead,
Kuopio,Kuopio,
kuori,shell,
kuorma,"load, burden, cargo",
kuorma-auto,"truck, lorry",
kuormitus,"load, strain, stress",
kuoro,"choir, chorus",
kuppi,cup,
kurssi,course,
kustannus,cost,
kuten,as,
kutsua,"to invite, to call",verb
kuu,moon,
kuudes,sixth,
kuulija,"hearer, listener",
kuulla,to hear,verb
kuulua,"to belong; to be heard, to be said",verb
kuuluisa,famous,
kuuma,hot,
kuunnella,to listen,verb
kuutiometri,cubic meter,
kuvaava,"descriptive, expository",
kuvailla,"to describe, to depict, portray.",verb
kuvata,"to describe, to film",verb
kuvaus,"description, filming",
kuvio,pattern,
kuvitella,to imagine,verb
kyet‰,to be able to,verb
kyky,"ability, talent, capacity",
kyl‰,"village, town",
kylki,side,
kyllin,enough,
kylpyhuone,bathroom,
kylv‰‰,to sow,verb
kymmenluku,decade,
kynsi,nail (anatomy),adjective
kyps‰,"ripe, mature",
kyse,"matter, about",
kyseess‰ oleva,the one being in question,
kyseinen,in question,
kysell‰,"to ask, to inquire",verb
kysy‰,to ask,verb
kysynt‰,demand,
kytke‰,"to hook (up), to attach",verb
kyyn‰rp‰‰,elbow,adjective
kyynel,tear,
laaja,vast,
laajentaa,to expand smt.,verb
laajentua,"to enlarge, to extend, to broaden",verb
laajeta,to expand,verb
laajeta,to expand,verb
laajuus,"extent, scope",
l‰‰k‰ri,"medical doctor, physician",
l‰‰ke,medicine,
laakso,valley,
l‰‰ni,province (The term used for an official regional government unit between the state and the municipalities in Finland.),
l‰‰ninhallitus,provincial government,
laatia,"to compose, to derive, to draw",verb
laatikko,"box, case, drawer",
laatu,quality,
laboratorio,laboratory,
l‰hde,source,
l‰heinen,nearby,
l‰heisyys,nearness,
l‰hell‰,"near, nearby",
l‰hemmin,more closely,
l‰hes,almost,
l‰hesty‰,to approach,verb
l‰hett‰‰,to send,verb
l‰hetys,"delivery, broadcast",
l‰himm‰inen,neighbor (biblical),
l‰hin,"nearest, closest",
l‰hinn‰,mainly,
lahja,"present, gift",
lahjoittaa,"to present, to donate",verb
lahti,"bay, gulf",
Lahti,Lahti (city),
l‰htˆ,departure,
l‰htˆkohta,starting point,
lailla,"way, manner",
laillinen,"legal, lawful, legitimate",
laina,loan,
lainkaan,at all,
lains‰‰d‰ntˆ,legislation,
laiska,lazy,adjective
laita,edge,
laite,device,
laitos,facility,
laittaa,"to put, to set, to place",verb
laiva,ship,
laji,species,
lakata,"to stop, to cease, to discontinue",verb
laki,law,
lakko,strike (work stoppage),
lammas,sheep,
l‰mmin,warm,
l‰mmitt‰‰,to warm,verb
lampi,small forest lake,
l‰mpˆ,warmth,
l‰mpˆtila,temperature,
lamppu,lamp,
langeta,to fall,verb
lanka,"yarn, thread, wire",
l‰nsi,west,
l‰nsimainen,"western, occidental",
l‰nsi-Saksa,West Germany,
l‰nsi-suomi,Western Finland,
lantio,pelvis,adjective
lapaluu,shoulderblade,adjective
l‰pi,through,
Lappi,Lapland,
lapsuus,childhood,
lasi,glass,
laskea,to calculate,verb
laskelma,calculation,
laskeutua,to descend,verb
laskimo,vein,adjective
lasku,bill,
l‰sn‰,"present, in attendance",
lattia,floor,
lauantai,Saturday,
laudatur,highest academic grade in Finland,
laukaus,gun shot,
laulaa,to sing,verb
laulu,song,
lause,sentence,
lausua,to express,verb
lausuma,utterance,
lausunto,statement,
lauta,board,
lautakunta,committee,
lautanen,plate (food),
lava,"stand, platform",
l‰vist‰‰,"to pierce, to penetrate",verb
legenda,legend,
lehdistˆ,press (media),
lehm‰,cow,
lehtori,lecturer,
leikata,to cut; to operate,verb
leikkaus,"surgery, cutting",
leikki,play (children's activity),
leikki‰,"to play (child's play, not a game)",verb
leima,"stamp, stain",
leimikko,forest to be cut,
leip‰,bread,
leipomo,bakery,
lent‰‰,to fly,verb
lento,"flight, flying",
lentokentt‰,airport,
lentokone,airplane,
lepo,"rest, repose",
leski,widow,
leuka,chin,adjective
lev‰t‰,to rest,verb
leve‰,wide,adjective
leveys,width,
levit‰,to spread,verb
levitt‰‰,"to spread, spread out",verb
levoton,"restless, unsettled, uneasy, nervous",
levy,"disc, record",
liekki,flame,
lienee,"will, is probably",
liev‰,"1. slight, 2. mild",
liha,meat,
liiaksi,"overly, too much, excessively",
liikaa,too many,
liikenne,traffic,
liikkua,"to move, to exercise",verb
liisata,to lease,verb
liite,"attachment, appendix, addendum",
liitt‰‰,to join,verb
liitto,alliance,
liitty‰,to belong,verb
likainen,dirty,adjective
linja,"line, route",
linja-auto,"coach, bus",
linna,castle,
lippu,ticket/flag,
lis‰,"addition, increase",
lis‰‰,more,
lis‰‰nty‰,"to increase (in number), to reproduce",verb
lis‰ke,"appendage, additive",
lis‰ksi,"in addition, furthermore",
lis‰ys,addition,
litra,litre,
liukua,"to slide, to glide",verb
lohi,salmon,
loistava,excellent,
loma,"holiday, vacation; gap",
lonkka,hip,adjective
Lontoo,London,Country
lopettaa,"to stop, to finish, to quit",verb
loppua,to end,verb
loppusumma,"grand total, final sum",
lopputulos,"end result, final result",
lopuksi,finally,
lopullinen,"final, definitive",
lopulta,eventually,
loukata,"to injure, to infringe, to violate,",verb
loukkaantua,"to be hurt, injured",verb
lˆyt‰‰,to find,verb
lˆyty‰,to be found,verb
luetella,to enumerate,verb
luettelo,"roster, catalogue",
luja,firm,
lukematon,countless,
lukeminen,reading,
lukija,reader,
lukio,"high school, (upper) secondary school",
lukko,lock,
luku,"number, count, quantity",
lukuisa,"numerous, multitudinous",
lukum‰‰r‰,"number, count",
lumi,snow,
lunastaa,"to redeem, to honor || to claim",verb
luo,to (someone's place),verb
luoda,to create,verb
luokka,class,
luokse,to (someone's place),verb
luona,"by, with, at, near, close to; at (someone's place), near to (luona, luota, luokse)",postposition
luonne,"nature, character (of a person)",
luonnollinen,natural,
luonnollisesti,naturally,
luonteva,"natural, unaffected",
luonto,"nature, environment",
luopua,"to abandon, to give up",verb
luotettava,reliable,
luottaa,to trust,verb
luottamus,"trust, confidence",
luovuttaa,to surrender,verb
lupa,"permission, license",
lupaus,promise,
luulla,to think,verb
luultava,probable,
luuranko,skeleton,adjective
luvata,to promise,verb
lyˆd‰,"to hit, to beat",verb
maahanmuuttaja,immigrant,
maailmansota,world war,
maakunta,province,
maalaiskunta,rural municipality,
maalari,painter,
maalata,to paint,verb
maalaus,painting,
maali,"paint, finish",
maaliskuu,March,
maan alla,underground,
maantie,road,
maanviljelij‰,farmer,
maapallo,globe,
maaper‰,"soil, dirt",
m‰‰r‰,amount,
m‰‰r‰aika,"deadline, time limit",
m‰‰r‰raha,budget,
m‰‰r‰t‰,"to decide, to set, to order",verb
m‰‰r‰ys,"specification, appointment (to a job), regulation",
m‰‰r‰yty‰,to be determined by,verb
m‰‰ritell‰,to define,verb
m‰‰ritt‰‰,"to determine, to specify, to diagnose",verb
m‰‰ritys,determination,
maaseutu,countryside,
maasto,terrain,
maata,to lie (down),verb
maatalous,agriculture,
maataloushallitus,Ministry of Agriculture,
maha/vatsa,belly,adjective
mahdollinen,possible,
mahdollisuus,possibility,
mahdoton,impossible,
maustaa,"to season, to spice",verb
maustamaton,"unseasoned, unspiced",
mahtaa,to be able to,verb
mahtava,awesome,
mahti,"might, power",
mahtua,"to fit, to be enough room",verb
maine,reputation,
mainio,excellent,
mainita,to mention,verb
mainos,advertisement,
maisema,landscape,
maisteri,Master's degree,
maito,milk,
makea,sweet,adjective
m‰ki,hill,
maksa,liver,adjective
maksu,payment,
maku,taste,
malli,"model, pattern, design",
manner,mainland,
m‰nty,pine,
m‰rk‰,wet,adjective
markkinat,market,
marraskuu,November,
massa,mass,
matala,low,adjective
materiaali,material,
matka,trip,
matkustaa,to travel,verb
matkustaja,passenger,
matti,checkmate,
matto,carpet,
meijeri,"dairy, milk processing plant",
meik‰l‰inen,"one of us, someone like us",
mekaanninen,mechanical,
Meksiko,Mexico,
melkein,almost,
melko,"quite, rather, fairly",
melkoinen,"considerable, quite",
menekki,"consumption, sales, demand",
menesty‰,to prosper,verb
menesty‰,to succeed,verb
menestys,success,
menetell‰,"1. (intransitive) To do, act, proceed, 2. To do, be good enough.",verb
menetelm‰,method,
menett‰‰,to lose,verb
menettely,procedure,
menetys,loss,
menneisyys,past (sth that has already happened),
meno,expense,
meri,sea,
merkillinen,peculiar,
merkint‰,marking,
merkit‰,"to mean, to signify",verb
merkitsev‰,significant,
merkitt‰v‰,significant,
merkitys,significance,
merkki,"sign, label, mark",
mestari,master,
metalli,metal,
metri,meter,
mets‰nhoitolautakunta,Forest Management Board,
mets‰stys,hunting,
mielell‰‰n,with pleasure,
mielenkiinto,interest,
mielenkiintoinen,interesting,
mielenosoitus,demonstration,
mieli,mind,
mielipide,opinion,
miellytt‰v‰,"comely, pleasant, nice",
mieluummin,"rather, preferably",
miesm‰inen,mannish,
mietintˆ,report,
mietti‰,"to think (about, over), to consider",verb
mihin,where to?,
mik‰ ettei,why not?,
mik‰‰n,anything,
mik‰li,"provided that, if",
milj.,million (abb),
miljardi,billion,
miljoona,one million,
millainen,what kind,
milloin,when,
miltei,"almost, nearly",
minimi,minimum,
ministeri,minister,
ministeriˆ,ministry,
mink‰‰nlainen,"whatsoever, of any kind",
mink‰lainen,what kind of,
minne,"where (... to), whither",
minuutti,minute,
miss‰‰n,anywhere,
mitata,to measure,verb
mitenk‰‰n,"by no means, in any way, by any chance",
mitta,"measure, measurement, size",
mittari,"meter, gauge (device for measuring)",
mittaus,measurement,
mˆkki,cottage,
momentti,moment,
monenlainen,of many kinds,
monesti,many times,
monimutkainen,"complex, complicated",
monipuolinen,versatile,
moottori,"motor, engine",
Moskova,Moscow,
muassa,along with,
muistella,"to remember, to recall",verb
muistelmat,memoirs,
muisti,memory,
muisto,memory,
muistuttaa,to remind,verb
muka,"as if, supposedly, allegedly",
mukaan,"along with, according to",postposition
mukainen,"consistent, compatible",
mukana,with,postposition
mukava,nice,
multa,"soil, earth",
muna,egg,
munasarja,ovary,adjective
munuainen,kidney,adjective
muodostaa,to form,verb
muodostua,to be formed (intransitive),verb
muoti,"fashion, vogue",
muoto,"form, format",
museo,museum,
musiikki,music,
musta,black,
mustikka,blueberry,
mutka,curve,
muu,other,
muualla,elsewhere,
muuan,a (certain),
muun muassa,among other,
muuri,wall,
muutama,"some, a few",
muuten,by the way,
muutoin,otherwise,
muutos,change,
muuttaa,to change,verb
muutto,"relocation, move, migration",
muuttua,"to shift, to alter",verb
myˆh‰,late,
myˆh‰‰n,late,adjective
myˆh‰inen,late,
myˆhemmin,later,adjective
myˆhimmin,latest,adjective
myˆnt‰‰,"to admin, to grant",verb
myˆnteinen,"positive, favorable",
myˆten,as far as,
myrsky,"storm, tempest",
myyd‰,to sell,verb
myyj‰,sales assistant,
myynti,sales,
n:o,number (abb. street no. etc),
naapuri,neighbour,
nahka,leather,
naiminen,marriage,
n‰in,in this way,
n‰enn‰inen,"apparent, ostensible",
n‰et,"you see, you know",
n‰hd‰,to see,verb
n‰kemys,"opinion, position, vision",
n‰kˆinen,look (e.g. happy),
n‰kˆkohta,point (opinion which adds to the discussion),
n‰kˆkulma,"perspective, point of view",
n‰ky‰,to be seen,verb
n‰kym‰,view,
n‰kym‰tˆn,invisible,
n‰kyv‰,visible,
n‰lk‰,hunger,
nauha,ribbon,
nauraa,to laugh,verb
nauttia,to enjoy,verb
n‰yte,sample,
n‰ytell‰,"to act, to pretend",verb
n‰ytelm‰,play (theatrical performance),
n‰ytt‰‰,to show,verb
n‰yttelij‰,actor,
n‰yttely,"show, exhibition, display",
neiti,"miss, young lady",
neliˆmetri,square meter,
neliˆsenttimetri,square centimeter,
nelj‰kymment‰,forty,
nelj‰nnes,quarter,
nelj‰s,fourth,
nelj‰toista,fourteen,
nen‰,"nose || tip, end",adjective
neste,liquid,
neulanen,needle (the leaf of a conifer tree),
neuvo,advice,
neuvoa,"to advise, direct",verb
neuvotella,to negotiate,verb
neuvottelu,"conference, council",
niell‰,to swallow,verb
niin sanottu,so-called,
niitty,meadow,
nilkka,ankle,adjective
nimenomaan,"specifically, precisely",
nimetˆn,ring finger,adjective
nimitt‰‰,to appoint,verb
nimitt‰in,"you see, you know, namely",
nimitys,"appointment, designation",
niska,"back of the neck, neck, nape",adjective
niukka,scarce,
noin,"about, around, some, in that way",
nojalla,on grounds,
nojata,"to rest on, to lean against || to base on",verb
nolla,zero,
nopea,fast,adjective
nopeus,"speed, velocity",
Norja,Norway,
norjalainen,Norwegian,
normaali,normal,
normi,norm,
nostaa,"to lift, raise, elevate",verb
noudattaa,"to obey, to follow, to abide",verb
nousu,"rise, ascent",
noutaa,"1. To fetch, retrieve, 2. to collect, to pick up",verb
numero,number,
nuo,those,
nuoriso,youth,
nuorisotyˆ,youth work,
nuorukainen,"youth, young man",
nuoruus,youth,
nurkka,corner,
nuuduttaa,to wilt,verb
nyky‰‰n,nowadays,
nykyaika,modern era,
nykyaikainen,"contemporary, modern",
nykyinen,"present, current",
nykyisin,nowadays,
odotella,to wait about,verb
odotus,"wait, expectation",
ohella,"along, on the side of (figuratively)",
ohi,over (ended),
ohittaa,"to pass, to disregard",verb
ohjaaja,director,
ohjata,to control,verb
ohjaus,"control, guidance, steering",
ohje,"indication, instruction",
ohut,thin,
oi,oh,
oikeastaan,actually,
oikeutettu,justifiable,
oikeuttaa,"to justify, to entitle",verb
oire,"symptom, indication",
oja,"trench, ditch",
ojentaa,"1. to straighten (out), to stretch (out), to reach (out), 2. to hand, give, reach, pass; to present (a price)",verb
oksa,branch,
oleellinen,"essential, relevant",
olemassaolo,existance,
olematon,"nonexistent, negligible",
olemus,essense,
olennainen,essential,
olento,"being, creature",
olettaa,to assume,verb
olettamus,"presumption, hypothesis",
oli miten oli,be that as it may,
olisipa,"I wish, if only",
ˆljy,oil,
olkap‰‰,shoulder,adjective
ollenkaan,at all,
olo,condition,
olohuone,living room,
olosuhde,circumstance,
olut,beer,
olympiakisat,Olympic Games,
oma,"own, private, personal",
omainen,"1. close relative/relation (member of the same family), 2. (in the plural) the (immediate) family",
omaisuus,"fortune, possession",
omakohtainen,"personal, private, subjective (done or experienced in person)",
omaksua,"to adopt, to absorb, to embrace (ideas etc.)",verb
omata,to have,verb
omatunto,conscience,
ominainen,characteristic,
ominaisuus,property,
omistaa,"to own, to have, to possess",verb
omistaja,owner,
onnellinen,happy,
onnettomuus,accident,
onni,luck,
onnistua,"to manage, to succeed",verb
onnistunut,succesful,
opettaa,to teach,verb
opetus,"teaching, education",
opetuslapsi,disciple,
opetusministeriˆ,ministry of education,
opiskelija,student,
opiskella,to study,verb
opiskelu,study,
opisto,institute,
oppi,"learning, study, doctrine",
oppia,to learn,verb
oppikoulu,secondary school (formerly),
oppilaitos,learning institution,
oppositio,opposition,
organisaatio,organisation,
osa,"part, section, component",
osakas,stake holder,
osakeyhtiˆ,"company, limited",
osallistua,to participate,verb
osanottaja,participant,
osasto,department,
osata,"to be able to, to know how to",verb
osittain,"in part, partially",
osoite,address,
osoittaa,"to point out, show, demonstrate, indicate",verb
osoittautua,"to turn out, to prove",verb
osoitus,demonstration,
ostaa,to buy,verb
ostaja,buyer,
ostos,purchase,
osua,"to hit, to reach",verb
osuus,share,
osuuskunta,cooperative,
ote,extract,
otsa,forehead,adjective
ottaa,"to take, to select",verb
ottelu,"match, game",
outo,"odd, strange",
p‰‰,head,adjective
p‰‰asiallinen,"main, principal",
paahde,heat,
p‰‰kaupunki,capital (city),
p‰‰ll‰,"on, on top of, above (p‰‰ll‰, p‰‰lt‰, p‰‰lle)",postposition
p‰‰lle,"on, on top of, above",
p‰‰llikkˆ,"boss, chief, manager",
p‰‰m‰‰r‰,"aim, goal, objective",
p‰‰mies,head (person),
p‰‰ministeri,prime minister,
p‰‰oma,capital (financial),
p‰‰osa,"leading role, main part",
p‰‰si‰inen,Easter,
p‰‰ss‰,away,
p‰‰st‰,"to reach arrive at/in (a place), 2. To get to go, be allowed/permitted to go, 3. To get in, be admitted to",verb
p‰‰st‰‰,"to release, to emit, to let loose",verb
p‰‰sy,"entrance, access",
p‰‰tell‰,to draw a conclusion,verb
p‰‰tt‰‰,to decide,verb
p‰‰tty‰,"to be finished, to be completed",verb
p‰‰ty‰,to end up,verb
paeta,"to escape, to flee from",verb
paha,bad,adjective
pahaiten,best,adjective
pahasti,badly,adjective
pahasti,"badly, terribly || much, greatly",
pahempi,worse,adjective
pahin,worst,adjective
paikalla,"at the place, present",
paikallaan,in place,
paikallinen,local,
paikkakunta,"neighborhood, locality",
paikoillaan,"in place, in position",
paikoin,here and there,
paimen,shepherd,
p‰in,towards,
painaa,to press,verb
painava,heavy,
paine,pressure,
paino,weight,
painos,edition,
painua,"1. To sink, sag, droop, fall, descend, 2. (colloquial) to go",verb
p‰invastoin,on the contrary,
paistaa,"to fry, to shine",verb
paitsi,except,
p‰ivitt‰in,daily,
pakahtua,to burst,verb
pakastua,"to freeze, to become frozen",verb
pakata,to pack,verb
pakkanen,very cold,
pakko,"force, compulsion",
pako,"escape, flight",
pakollinen,"compulsory, mandatory, required",
pakottaa,"to force, to compel",verb
paksu,"thick, fat",
paksuus,thickness,
palaa,to burn,verb
palata,"to be back, to return",verb
palauttaa,to return (something),verb
paljas,"naked, clear, blank",
paljastaa,to reveal,verb
paljastua,"to be revealed, to be exposed",verb
paljo,"voluminous, much, plenty",
paljon,much,adjective
palkinto,"prize, award",
palkita,to reward,verb
palkka,"reward, fee",
palkkaus,"hiring, employment || salary",
palkkausluokka,pay grade,
palkkio,"reward, fee, bonus",
pallo,ball,
palo,"fire, burning",
palokunta,fire department,
palsta,column,
palvelija,servant,
palvella,to serve,verb
palvelu,service,
palvelus,"service, favor",
pankki,bank,
panna,"to put, to place, to set",verb
pappi,priest,
parannus,"improvement, betterment",
parantua,"to improve, to get better, to heal",verb
parata,"to improve, to get better",verb
paremmin,better,adjective
parhaiten,"best (adverb, not adjective)",
parhaillaan,currently,
Pariisi,Paris,
parissa,among,
pastori,pastor,
p‰tev‰,"qualified, competent",
patsas,statue,
pehme‰,soft,adjective
peili,mirror,
peitt‰‰,to cover,verb
pekoni,bacon,
pelaaja,player,
peli,"game, match",
pelastaa,to rescue,verb
pelastua,"to be saved, to be rescued",verb
pelastus,"rescue, salvation, redemption",
pel‰t‰,be afraid of,
pel‰t‰,to be afraid of,verb
pelko,fear,
pelk‰st‰‰n,"only, merely",
pelkk‰,"mere, sheer, simple",
pelto,field,
penkki,bench,
pensas,bush,
per‰,"rear, back, tail, butt",
per‰isin,coming from,
per‰kk‰in,"one after another, successively",
per‰suoli,rectum,adjective
per‰ti,"even, as much as, no less than",
perehty‰,"to familiarize, to get oriented",verb
perheenem‰nt‰,"housewife, homemaker",
perheenj‰sen,member of the family,
peri‰,to inherit,verb
periaate,principle,
perill‰,at the destination,
perin,originally,
perinne,tradition,
perinteinen,traditional,
perjantai,Friday,
perna,spleen,adjective
persoonallinen,"personal, intimate",
peruna,potato,
perus-,"basic, fundamental",
peruskoulu,basic / comprehensive school,
perusta,ground,
perustaa,"to ground, to establish",verb
peruste,"reason, justification, argument",
perusteellinen,thorough,
perustella,to justify,verb
perustelu,"argument, justification, reasoning",
perustua,to be based on,verb
perustus,foundation,
peruuttaa,"to withdraw, to retract || to back (a vehicle)",verb
pes‰,nest,
pest‰,to wash,verb
pett‰‰,to cheat,verb
peukalo,thumb,adjective
pian,soon,
pid‰tt‰‰,"to suspend, to arrest",verb
pienent‰‰,"to shrink || to decrease, to diminish",verb
pienet‰,to become smaller,verb
Pietari,St. Petersburg,
piha,yard,
piippu,pipe,
piirre,"1. feature (physical constituent), 2. cast (visual appearance), 3. trait (an identifying characteristic, habit or trend)",
piirros,drawing,
piirt‰‰,"to draw, to sketch",verb
piirustus,"drawing, sketch, outline, draft",
piispa,bishop,
pikemmin,sooner,
pikku,little,
pikkuinen,"baby, little, tiny",
pikkusormi,pink,adjective
pilkku,comma,
pilvi,cloud,
pime‰,dark,adjective
pimeys,darkness,
pinta,surface,
pinta-ala,"area, acreage",
pirte‰,"lively, perky, peppy",
pist‰‰,"to sting, to poke",verb
pit‰‰,"to like, to hold/keep; to have (to do)",verb
pit‰j‰,"rural municipality, parish",
pitk‰aikainen,long-term,
pitk‰ll‰,sticking out,
pitkin,along,
pituinen,"long, tall",
pituus,length,
pohja,base,
pohjoinen,north,
pohjoismaa,Nordic country,
pohjoismainen,Nordic,
pohjois-suomi,Northern Finland,
Pohjola,north country (Finnish mythology),
pohtia,"to consider, to ponder, to reflect",verb
poikanen,baby animal (often refers to a baby bird),
poiketa,"to differ, to deviate",verb
poikkeuksellinen,exceptional,
poikkeus,exception,
poikki,broken,adjective
poimia,"to pick (fruit), to gather",verb
poisp‰‰sy,"escape, way out",
poissa,"absent, gone",
poistua,to leave (a place),verb
poliisi,"police, policeman",
poliittinen,political,
politiikka,"policy, politics",
polku,"trail, path",
polttaa,(transitive) To burn.,verb
polttoaine,fuel,
polvi,knee,adjective
pori,Pori (city),
poro,reindeer,
porras,step (stair),
portti,"port, gate",
positiivinen,positive,
poski,cheek,
potilas,patient,
pˆyt‰,table,
prinsessa,princess,
profeetta,prophet,
professori,professor,
psykologinen,psychological,
psyykkinen,"psychic, psychological",
pudota,to fall,verb
puhdas,clean,adjective
puhdistaa,to clean,verb
puheenvuoro,"right to speak, turn to speak, floor (as in a parliment)",
puhelin,telephone,
puhjeta,"to burst, to bud, to sprout",verb
puhki,through,adjective
puhuja,a speaker (one who speaks),
puisto,park,
puite,"frame, framework",
pukea,to dress,verb
pukeutua,"to get dressed, to put on clothes",verb
puku,a man's suit,
pullo,bottle,
pulma,"trouble, dilemna",
punainen,red,
Puola,Poland,
puolesta,on behalf of,
puoliaika,"halftime, intermission",
puoliso,spouse,
puolitoista,one and a half,
puoliv‰li,"middle, halfway, midway",
puolue,party (political),
puolustaa,to defend,verb
puristaa,"to shake, to press, to squash",verb
purkaa,to take apart; to dismantle; to demolish,verb
purkautua,"to be dismantled, to come apart || to be dissolved",verb
purra,to bite,verb
putki,"pipe, duct, conduit; a barrel (of a large-calibre gun)",
puuha,"work, chore",
puusto,"trees, forest cover",
puutarha,garden,
puutavara,timber,
puute,shortage,
puutteellinen,"insufficient, inadequete, incomplete",
puuttua,to be missing,verb
pyh‰,holy,
pyk‰l‰,section,
pyˆr‰,bicycle,
pyˆre‰,round,
pyˆri‰,"to roll, to rotate, to spin",verb
pyrki‰,"to try to do, to try to get; to seek; to apply for (permission)",verb
pyrkimys,effort,
pys‰hty‰,to stop (intransitive),verb
pys‰ytt‰‰,"to stop, halt (transitive)",verb
pysty‰,"to be able to, can",verb
pystyss‰,"upright, erect",
pystytt‰‰,"to set up, to put together, to arrange",verb
pysy‰,"to remain, to stay",verb
pysytell‰,to stay,verb
pysyv‰,"lasting, permanent",
pyyhki‰,"to wipe, to erase",verb
pyyt‰‰,"to request, ask, 2. to demand, insist, 3. to petition, apply, 4. to desire, wish, want,",verb
raaka-aine,"raw material, commodity",
Raamattu,The Bible,
raaskia,"to bear, to stand, to have the heart to",verb
radio,radio,
radioaktiivinen,radioactive,
raha,money,
rahallinen,"monetary, financial",
rahasto,fund (for a special campaign),
rahoittaa,"to pay for, to finance, to fund",verb
raikas,"fresh, bracing, refreshing (e.g. for wind)",
raitiovaunu,"streetcar, tram",
raja,boundary,
rajoittaa,to restrict,verb
rajoittua,"to be limited, to be restricted",verb
rajoitus,restriction,
rakas,"darling, sweetheart, love",
rakastaa,to love,verb
rakenne,structure,
rakennus,building,
rakentaa,to build,verb
rakentaja,builder,
rakentua,to be built,verb
rakkaus,love,
rangaista,to punish,verb
rangaistus,"punishment, penalty",
ranne,wrist,adjective
rannikko,coast,
Ranska,France,
ranskalainen,Frenchman/ Frenchwoman,
raportti,report,
rasittaa,"to wear out, to strain",verb
rasitus,stress,
raskas/painava,heavy,adjective
rasva,fat (contained in food),
rata,track,
ratkaista,"to solve, to determine",verb
ratkaisu,solution,
rauha,peace,
rauhallinen,"peaceful, quiet",adjective
rauhoittaa,"to pacify, protect",verb
rauta,iron,
rautatie,railway,
rautatieasema,train station,
ravinto,nutrition,
ravintola,restaurant,
reaktio,reaction,
rehellinen,"honest, decent, truthful",
rehtori,"principal, rector",
reik‰,"hole, opening",
reipas,brisk,
reisi,upper leg,adjective
reitti,route,
rekisterˆid‰,to register,verb
rengas,"ring, loop",
resepti,prescription,
retki,trip; expedition,
reuna,edge,
rhym‰,group,
rient‰‰,"to hurry, to hasten",verb
riippua,"to depend on, to hang",verb
riippuvainen,dependent,
riisua,to undress,verb
riita,"fight, dispute, argument",
riitt‰‰,"to be enough, sufficient",verb
rikas,rich,
rikki,broken,adjective
rikkoa,"to break, to violate, to infringe",verb
rikos,"offense, crime",
rinnalla,"beside, next to",
rinnan,"alongside, simultaneously",
rinne,"slope, hillside",
rinta,"chest, breast",
rintakeh‰,chest,adjective
rintama,battlefront,
risteys,intersection,
risti,cross,
ristiriita,contradiction,
ristiss‰,"crossed (arms, legs etc.)",
ritari,knight,
riutua,to waste away,verb
rivi,"line, row",
rohkea,brave,
roihu,"blaze, blazing fire",
romaani,novel,
rooli,"role, part",
Rooma,Rome,
rotu,"breed, race, kind",
rouva,married woman,
rukoilla,to pray,verb
rukous,"1. prayer (act of praying), 2. rogation (deeply serious and somber prayer)",
runko,trunk (of a tree),
runo,poem,
runoilija,poet,
ruoho,grass,
ruoka,food,
ruotsalainen,Swedish,
ruotsinkielinen,Swedish-speaking,
ruskea,brown,
ruumis,body,
ruutu,"square, box || screen (tv)",
ruveta,"to begin, to take up",verb
ryhty‰,"to start, to proceed, to set out (to do sth)",verb
rystyset,knuckles,adjective
rytmi,rhythm,
s‰,you (colloquial),
s‰‰,weather,
saada,to obtain,verb
saaja,receiver,
saakka,"pending, until",
saalis,"prey, catch",
saapua,to arrive,verb
saari,island,
s‰‰ri,lower leg,adjective
s‰‰nnˆllinen,regular,
s‰‰nnˆs,provision,
saanti,"yield, supply",
s‰‰ntˆ,"rule, regulation",
s‰‰st‰‰,"to save, to conserve, to save up",verb
s‰‰stˆpankki,savings bank,
s‰‰t‰‰,"to adjust, regulate, tune, 2. (law) to prescribe, ordain, decree, pass",verb
saatana,"satan, the devil || goddammit",
saattaa,"to escort, usher, see, accompany, walk, 2. to bring, drive (into a situation)",verb
saavuttaa,to achieve,verb
saavutus,achievement,
sade,rain,
sadetakki,"raincoat, slicker",
s‰hkˆ,electricity,
s‰hkˆposti,e-mail,
s‰ily‰,"to remain, to be preserved",verb
s‰ilytt‰‰,to retain,verb
sairaala,hospital,
sairaanhoitaja,nurse,
sairas,ill,
sairastua,to catch a disease,verb
sairaus,illness,
sakko,"penalty, forfeit",
Saksa,Germany,
saksalainen,German,
salaisuus,secret,
salama,"lightning, flash",
sali,hall,
sallia,"to allow, to permit",verb
samalla,simultaneously,
samanaikainen,"1. simultaneous, 2. coincidental, 3. contemporaneous",
samanlainen,similar,
sangen,very,
sankari,hero,
sanoma,message,
sanomalehti,newspaper,
sanonta,"saying, proverb",
sanottava,sth to say,
sappirakko,gall bladder,adjective
sarja,series,
s‰rky‰,"(interns.) to break (to separate into pieces, to fracture or crack)",verb
sata,one hundred,
sataa,"to rain, to snow",verb
satakunta,around a hundred,
satama,harbour,
s‰teily,radiation,
sato,crop,
sattua,to occur,verb
satu,fairy tale,
satunnainen,random,
sauna,sauna,
savi,clay,
s‰vy,"hue, accent, nuance",
seikka,"thing, matter",
seisoa,to stand,verb
seitsem‰n,seven,
seitsem‰s,seventh,
sek‰,"and, together with",
sekaisin,mixed,adjective
sekoittaa,to mix,verb
sektori,sector,
sekunti,second (unity of time),
selitt‰‰,to explain,verb
selitys,"explanation, pretext, description",
selk‰,back (anatomy),adjective
selk‰ranka,spine,adjective
selke‰,"sunny, clear, explicit",
selostaa,"to explain, to explicate",verb
sellainen,such,
selvill‰,"known, decided",
selvit‰,to become clear,verb
selvitell‰,to sort out,verb
selvitt‰‰,"to clear, to disentangle",verb
selvitys,"1. statement covering the description and results of an investigation, 2. process of investigating.",
selviyty‰,"to survive, to cope",verb
seminaari,"seminar, teachers ¥ training college",
semmoinen,"such, that kind of",
sent‰‰n,"1. at least, 2. however, nevertheless",
sepp‰,blacksmith,
seura,association,
seuraaja,"successor, follower",
seurakunta,"parish, congregation",
seuraus,consequence,
seutu,region,
side,"1. bandage, 2. bond",
sielu,"soul, spirit",
siemen,seed,
sieni,mushroom,
siet‰‰,"to tolerate, to endure, to stand",verb
sihteeri,secretary,
siihen asti,therefore,
siihen n‰hden,in that sense,
siipi,wing,
siirt‰‰,to move,verb
siirto,"move, shift, transport",
siirty‰,"to move, to shift, to migrate, to switch over",verb
siis,"so, that is",
siisti,tidy/clean,adjective
siit‰,1. to procreate 2. to grow,verb
sija,"place, position",
sijainti,"1. location, 2. situation, 3. position",
sijaita,to be located,verb
sijoittaa,"to set, to invest",verb
sijoittua,"to rank, position oneself",verb
sijoitus,"placement, relocation",
sik‰li,as far as,
sile‰,smooth,
silloinen,of that time,
silm‰,eye,adjective
siloinen,smooth,
silta,bridge,
silti,"still, yet, nevertheless",
sin‰ns‰,per se,
sininen,blue,
sis‰‰n,"inside, into",
sis‰elin,internal organ,adjective
sis‰inen,internal,
sis‰ll‰,inside,postposition
sis‰lle,"inside, indoors",
sis‰lt‰,"from indoors, inside (direction-> from where, mist‰?)",
sis‰ltˆ,"content, subject matter",
sis‰lty‰,(intransitive + illative) to be included in,verb
sis‰puoli,inside,
sisar,sister,
sitoa,"to tie, to bind",verb
sitoutua,"to pledge, to adhere, to engage",verb
sittemmin,"since then, afterwards",
sittenkin,after all,
siunata,to bless,verb
siunaus,blessing (xiu-nows),
sivell‰,"to paint, to stroke, to brush",verb
sivuuttaa,"to skip, to bypass",verb
skandinavialainen,Scandinavian,
soida,to sound,verb
soitin,instrument (music),
soittaa,"to play (an instrument), to phone, to call",verb
soittaja,"player, musician",
soitto,music || ringing || phone call,
sokea,blind,
sokeri,sugar,
solisluu,collarbone,adjective
solmia,"to bind, to tie",verb
solu,cell,
sopeutua,(intransitive) to adapt,verb
sopia,"
to fit, 2. to suit, to be suitable, 3. to agree, make an agreement",verb
sopimus,"agreement, contract, bargain",
sopiva,"fit, suitable",adjective
sormi,finger,adjective
sosiaalidemokraatti,social democrat,
sosiaalinen,social,
sosiaalisesti,socially,
sotia,"to make war, to be at war with",verb
sotilas,soldier,
sotkuinen,messy,adjective
soveltaa,to apply (to make use of),verb
soveltua,"(intrans.) to suit, to fit",verb
sovittaa,"to try (dress, shoes)",verb
suhde,"relation, ratio, proportion",
suhtautua,"to concern, to relate to",verb
suhteellinen,"relative, proportionate",
suhteen,regarding,
sujua,"to go (e.g. things go well), to go along",verb
sukka,sock,
suksi,ski (singular),
suku,family,
sukulainen,relative (noun),
sukupolvi,generation,
sukupuoli,"gender, sex",
sulaa,to melt,verb
sulkea,"to close, to shut, to turn off",verb
summa,"sum, amount",
sunnuntai,Sunday,
suo,bog,
suoda,"to bestow, to give, to allow",verb
suoja,"1. shelter, 2. protective covering, 3. refuge, 4. safeguard",
suojata,"to protect, to shield",verb
suojella,"(transitive + partitive) to protect, shelter",verb
suojella,to protect,verb
suola,salt,
suoli,bowel,adjective
suomenkielinen,Finnish-speaking,
suora,"straight, direct",
suoraan,directly,
suoranainen,"direct, obvious",
suorastaan,"downright, positively",
suorittaa,"to carry out, fulfill",verb
suoritus,performance,
suosia,to favor,verb
suosio,popularity,
suositella,to recommend,verb
suostua,"to consent, to agree",verb
supistaa,"1. to reduce, 2. to abridge",verb
supistaa,to reduce,verb
supistua,to contract,verb
suppea,"concise, succinct",
surma,"killing, violent death",
suu,mouth,adjective
suunnata,"to aim, to point, to direct",verb
suunnilleen,"about, around, approximately",
suunnitella,to plan,verb
suunnitelma,plan,
suunnittelu,"design, planning",
suunta,direction,
suuntainen,parallel with (sth),
suuntautua,"to turn, to tend, to be oriented toward",verb
suurehko,largish,
suuresti,greatly,
suuruinen,of the amount (of something),
suuruus,"size, magnitude, extent",
suutari,shoemaker,
syd‰n,heart,adjective
syksy,autumn,
syli,lap (measure of distance),
synnytt‰‰,to give birth,verb
synti,sin,
syntinen,"sinful, sinner",
synty,birth,
syntynyt,born,
syˆksy‰,"to rush, to plunge",verb
syˆttˆ,"feeding || feed, supply, input",
syrj‰ss‰,aside,
sytty‰,"to ignite, to catch fire, to burst into flames",verb
sytytt‰‰,to light,verb
syv‰,deep,
syvyys,depth,
syy,"reason, cause, source",
syyskuu,September,
syytt‰‰,to blame,verb
taakse,behind (of movement),
taaksep‰in,backwards,
taas,again,
taata,"to guarantee, to assure, to ensure, to secure",verb
t‰h‰nastinen,"heretofore, previous, (sth) till now",
tahansa,"either, -ever",
t‰hd‰t‰,"to target, to aim, to strive",verb
t‰hden,"because of, for the sake of",
taho,direction,
tahti,"pace, rate, rhythm || (musical) bar",
t‰hti,star,
tahto,will,
tahtoa,"to will, to want",verb
tai muuta sellaista,"and so on, et cetera",
taide,art,
taikka,or,
taikuri,magician,
taimi,seedling (a young plant grown from seed),
taipumus,tendency,
taistella,to fight,verb
taistelu,fight,
taitaa,to know (proficiently),verb
taitava,"expert, skilled, capable",
taiteellinen,artistic,
taiteilija,artist,
taito,"ability, skill",
tajuta,"to grasp, to get the idea",verb
takaa,from behind,
takana,"behind, beyond (takana, takaa, taakse)",postposition
takia,"for, because of, owing to",postposition
takki,jacket,
t‰llainen,"this kind of, of this sort",
taloudellinen,economic,
talous,economy,
talousalue,economic region,
talousel‰m‰,"economy, financial life",
talvi,winter,
tammikuu,January,
t‰mmˆinen,this kind of,
t‰nne,(to) here,
Tanska,Denmark,
tanssi,dance,
tanssia,to dance,verb
tapa,"way, custom, habit",
tapahtua,to happen,verb
tapahtuma,"event, happening, incident",
tapaturma,accident,
tapaus,"case, incident",
tappaa,to kill,verb
tappava,"lethal, deadly, killing",
tappio,"defeat, loss",
tarina,story,
tarjolla,"on offer, available",
tarjota,to offer,verb
tarkastaa,"to check, to inspect",verb
tarkastella,"to consider, to examine",verb
tarkastelu,inspection,
tarkasti,"accurately, carefully, strictly",
t‰rke‰,important,
tarkistaa,to check,verb
tarkka,accurate,
tarkkaan,carefully,
tarkkailla,"to watch, to observe, to monitor",verb
tarkkuus,"accuracy, precision",
tarkoin,carefully,
tarkoittaa,to mean,verb
tarkoituksenmukainen,appropriate (fitting to the purpose),
tarkoitus,"idea, intention, purpose",
tarpeeksi,enough,
tarpeellinen,necessary,
tarpeen,"necessary, essential",
tarpeeton,"useless, unnecessary",
tarttua,"to catch, to grab",verb
tarvita,to need,verb
tasainen,"even, flat",
tasan,exactly,
tasapaino,balance,
tasavalta,republic,
tasku,pocket,
t‰sm‰llinen,"exact, precise",
taso,"level, plane",
tasoittaa,"to level, to smooth",verb
t‰ten,thus,
t‰ti,aunt,
taulu,painting,
taulukko,"table, chart",
tausta,background,
tauti,"disease, illness, malady",
tavalla tai toisella,one way or another,
tavallaan,"kind of, in a sense, as it were",
tavallinen,ordinary,
tavallisesti,usually,
tavanomainen,"mundane, conventional, commonplace",
tavara,goods,
tavaton,"unusual, extraordinary",
tavoite,"1. target, goal, 2. objective, aim",
tavoitella,"1. (transitive) To go for, to reach for, to try to catch, 2. to seek, to pursue, to aspire to",verb
tavoittaa,"to reach, to catch up with",verb
t‰ydellinen,"perfect, complete",
t‰ydellisesti,"1. totally, completely, 2. perfectly",
t‰ydent‰‰,"to complete, to fill in, to supplement",verb
t‰ynn‰,full,
t‰ysi,full,
t‰ysin,"totally, fully, completely",
t‰yteen,full,
t‰ytt‰‰,to fill,verb
t‰ytty‰,to be filled up,verb
t‰yty‰,to have to,verb
teatteri,theater,
teema,theme,
tehdas,factory,
teho,"effect, power",
tehokas,effective,
tehokkuus,"effectivity, effectiveness",
tehostaa,"1. to increase the performance or effect of something; to enhance, strengthen, boost, 2. to optimize (to make something more efficient)",verb
teht‰v‰,task,
tekeminen,"making, conclusion",
tekij‰,"author, factor",
tekniikka,technology,
teknillinen,technical,
tekninen,technical,
teko,act/deed,
teksti,text,
televisio,television,
teltta,tent,
temppeli,tempel,
teollisuus,industry,
teoreettinen,theoretical,
teoria,theory,
teos,"(art)work, oeuvre",
ter‰,"blade, edge",
ter‰s,steel,
ter‰v‰,sharp,adjective
terve,healthy,adjective
terve,hello,
terveellisesti,healthily,adjective
terveempi,healthier,adjective
tervehti‰,"to greet, to salute",verb
tervein,healthiest,adjective
terveisin,"greetings, yours (letter ending)",
terveys,health,
testamentti,"testament, will",
tiede,science,
tiedemies,"scientist, scholar",
tiedustella,to inquire,verb
tienoo,"neighborhood, region",
tiet‰‰,to know,verb
tieteellinen,scientific,
tietoinen,"aware, conscious",
tietokone,computer,
tiett‰v‰sti,presumably,
tietty,"certain, designated",adjective
tietysti,of course,
tihe‰,"dense, thick",
tiistai,Tuesday,
tiivis,"tight, dense",
tikku,"splinter, sliver, chip, stick",
tila,"space, area",
tilaisuus,occasion,
tilanne,situation,
tilap‰inen,temporary,
tilasto,statistics,
tilastollinen,statistical,
tilata,1. to order (to request some product or service) 2.to sign up for (to agree to purchase some good or service) 3. to subscribe to (a magazine etc.),verb
tilaus,"order, subscription, booking",
tili,account,
tiukka,"strict, tight",
todellinen,"real, actual, genuine",
todellisuus,reality,
todenn‰kˆinen,probable,
todeta,to state,verb
todistaa,"to prove, to witness, to demonstrate",verb
todistus,"testimony, certificate",
tohtori,doctor,
toimeentulo,"living, livelihood (means of supporting oneself)",
toimenpide,"operation, action",
toimi,"job, chore, duty, action",
toimia,"to function, to act",verb
toimiala,"industry, branch",
toimihenkilˆ,"clerk, official",
toimikunta,"working group, committee",
toiminta,"activity, action",
toimisto,"office, bureau",
toimittaa,"to send, to deliver",verb
toimittaja,"journalist, reporter",
toimitus,"delivery, dispatch",
toimitusjohtaja,"managing director, chief executive officer (CEO)",
toisaalla,elsewhere,
toiseksi,secondly,
toisenlainen,different,
toisin,otherwise,
toisinaan,sometimes,
toistaa,"to repeat, to play back",verb
toistainen,temporary,
toistua,to recur,verb
toive,wish,
toivo,hope,
toivo,hope,
toivoa,to hope,verb
toivomus,"wish, request",
toivottaa ,to wish,verb
toki,of course,
tonni,ton (weight),
tontti,"plot, site",
torjua,"to counter, prevent",verb
tˆrm‰t‰,"to impact, crash",verb
torstai,Thursday,
tosi,"really (like in really big, really heavy..)",
tosiaan,indeed,
tosiasia,fact,
tosiasiallinen,factual,
totella,to obey (to do as ordered),verb
toteuttaa,"to implement, to carry out",verb
toteutua,to come true,verb
tottua,to get used to,verb
totuus,truth,
toukokuu,May (month),
toveri,"mate, friend, companion, comrade",
traktori,tractor (farm),
ts.,that is,
Tsekkoslovakia,Checkoslovakia,
tuhat,one thousand,
tuhota,to destroy,verb
tuijottaa,"to gaze, to stare",verb
tukahduttaa,to stifle,verb
tukea,to support,verb
tukehtua,to choke,verb
tukeva,"sturdy, solid || chubby",
Tukholma,Stockholm,
tuki,"assistant, support",
tukka,hair,adjective
tukki,log (lumber),
tuleva,future,
tulevaisuus,future,
tulkinta,interpretation,
tulkita,"to interpret, to construe",verb
tulla kokoon,to come together,verb
tulo- ja menoarvio,budget,
tulos,result,
tumma,dark (haired),
tunkeutua,"to penetrate, to invade",verb
tunne,feeling,
tunnelma,"feeling, mood in a situation",
tunnettu,"well-known, famous",
tunnus,"marking, emblem, seal",
tunnustaa,to recognize,verb
tunnustus,"confession, acknowledgement",
tuntea,"to feel, to know",verb
tuntematon,unknown,
tuntua,"to feel, to seem",verb
tuntuma,"contact, touch, connection",
tunturi,(treeless) mountain,
tuntuva,considerable,
tuoda,to bring,verb
tuli,fire,
tuuli,wind,
tuoli,chair,
tuolla,over there (points at the place),
tuollainen,"that kind of, like that",
tuommoinen,that kind of,
tuomari,judge,
tuomio,"sentence, judgement",
tuomioistuin,court,
tuomita,"to judge, to condemn, to sentence",verb
tuonti,import,
tuore,fresh,
tuossa,there,
tuotanto,"production, works (the body of an artists work)",
tuote,product,
tuottaa,to produce,verb
tuotto,revenue,
tupa,"room, cottage",
tupakka,tobacco,
turha,useless,
turkki,fur (coat etc.) || Turkey (country) || Turkish (language),
turva,"1. protection, safety, security (condition or feeling of being safe), 2. security (something that secures)",
turvallinen,safe,
turvallisuus,"security, safety",
turvata,to secure,verb
turvautua,to resort (to have recourse to),verb
tuska,pain,
tuskin,"hardly, barely",
tutkia,"to research, to examine",verb
tutkija,"researcher, scientist",
tutkijakoulutus,graduate studies,
tutkimus,research,
tutkimustyˆ,research as work or career,
tutkinto,exam,
tuttu,familiar,
tyhj‰,empty,
tyhm‰,stupid,adjective
tyls‰,"blunt, boring",adjective
tyˆaika,working hours,
tyˆl‰inen,worker,
tyˆmaa,worksite,
tyˆmies,workman,
tyˆnantaja,employer,
tyˆnjako,division of labour,
tyˆnt‰‰,to push,verb
tyˆntekij‰,employee,
tyˆpaikka,workplace,
tyˆp‰iv‰,workday,
tyˆryhm‰,"team, task force",
tyˆskennell‰,to work,verb
tyˆskentely,"work, effort",
tyˆsuhde,employment,
tyˆttˆmyys,unemployment,
tyˆvoima,labour force,
tyt‰r,daughter,
tyydytt‰‰,to satisfy,verb
tyydytt‰v‰,"satisfying, satisfactory",
tyyli,style,
tyyni,calm,
tyypillinen,typical,
tyyppi,type,
tyyty‰,to be satisfied,verb
tyytyv‰inen,satisfied,
uhata,to threaten,verb
uhri,victim,
uida,to swim,verb
ulkoinen,external,
ulkomaa,foreign country,
ulkomaalainen,foreigner,
ulkomainen,foreign,
ulkoministeri,foreign minister,
ulkona,"outside, outdoors",
ulkonainen,external,
ulkopolitiikka,foreign policy,
ulkopuoli,outside,
ulkopuolinen,external,
ulos,outside,
ulottua,"1. to extend, stretch, 2. to reach, to be able to reach (intrans.)",verb
umpisuoli,appendix,adjective
unelma,dream,
uni,sleep,
Unkari,Hungary,
unohtaa,to forget,verb
unohtua,to be forgotten,verb
ura,career,
urheilija,sportsman,
urheilu,sports,
urut,organ (musical instrument),
useammin,more often,adjective
useimmin,most often,adjective
useimmiten,usually,
usein,often,adjective
uskaltaa,to dare,verb
usko,"faith, belief",
uskoa,to believe,verb
uskollinen,faithful,
uskonnollinen,religious,
uskonto,religion,
uudelleen,"anew, again",
uudestaan,"anew, again",
uudistaa,"to reform, to renovate",verb
uudistus,reform,
uusia,"to renew || to redo, to renovate, to remodel",verb
uusivuosi,"new year, new year's eve",
uutinen,"news (an item of news, singular)",
vaahto,"foam, froth",
vaalea,"blond, light, fair",
vaali,election,
vaalia,"to cherish, to treasure, to foster, to nurse or nurture (to treat kindly and with extra care)",verb
vaan,but (instead),
vaara,danger,
vaarallinen,dangerous,
v‰‰rin,wrongly,
v‰‰ryys,"wrong, injustice, villainy",
Vaasa,Vasa,
vaate,cloth,
vaatia,"to demand, to require",verb
vaatimaton,modest,
vaatimus,requirement,
vaativa,demanding,
vaeltaa,"to travel, to wander, to roam",verb
v‰estˆ,population,
v‰h‰,"little, few",
v‰h‰inen,minor,
v‰h‰n,little,adjective
v‰hemm‰n,less,adjective
v‰hennys,"reduction, deduction",
v‰hent‰‰,"to decrease, reduce",verb
v‰het‰,to diminish,verb
vahinko,"damage, harm, pity",
v‰hint‰‰n,at least,
v‰hitellen,gradually,
v‰hiten,least,adjective
vahtia,to watch,verb
vahva,strong,adjective
vahvistaa,to strengthen,verb
vaieta,to be quiet,verb
vaihde,"gear, switch (turn)",
vaihdella,"to vary, fluctuate",verb
vaihe,"stage, step, level",
vaihtaa,to replace,verb
vaihtelu,variation,
vaihto,"swap, interchange, exchange",
vaihtoehto,"option, alternative",
vaihtua,to be replaced,verb
vaikeus,difficulty,
vaikka,even though,
vaikuttaa,"to influence, to affect",verb
vaikutus,"influence, effect",
vailla,"without, free",
vaimo,wife,
vainaja,(the) deceased,
v‰ite,"proposition, claim",
v‰itt‰‰,"to claim, to maintain",verb
vaiva,"trouble, discomfort",
vajaa,"partial, less than",
vakava,serious,
v‰kev‰,"strong, potent, powerful",
v‰ki,people,
vakiintua,"to be settled, established, to stabilize",verb
vakinainen,permanent,
vakuus,"collateral, security (finance) || pledge",
vakuuttaa,"to assure, to convince",verb
vakuutus,"insurance, assurance",
valaista,to enlighten,verb
v‰li,"space, gap, distance",
v‰liaika,"intermission, half time",
v‰lill‰,between,
v‰line,"tool, instrument, means",
v‰linen,between,
valinta,choice,
valiokunta,"committee, committion",
v‰liss‰,"between (v‰liss‰, v‰list‰, v‰liin)",postposition
valita,to choose,verb
v‰litˆn,"immediate, spontaneous",
v‰litt‰‰,"to transmit, convey, forward",verb
valitus,"moan, groan",
v‰litys,transmission,
valkea,white (adj),
valkoinen,white,
vallankumous,revolution,
vallata,"to capture, to take; to occupy",verb
vallita,"to prevail, to dominate",verb
valmistaa,"to produce, prepare",verb
valmistaja,"manufacturer, maker",
valmistautua,to prepare for (sth),verb
valmistella,To prepare (for a future purpose); to make preparations (in a more or less indifferent manner),verb
valmistua,to graduate; to become ready,verb
valmistus,"fabrication, production",
valoisa,bright,adjective
valta,power,
valtakunnallinen,nationwide,
valtakunta,"kingdom, empire, realm",
valtava,enormous,
valtimo,artery,adjective
valtio,"state, government (political entity asserting ultimate authority over a large geographical area)",
valtionapu,state aid,
valtioneuvosto,government,
valtioneuvosto,"government (more specific), the actual government with people meeting and deciding things",noun
valtiovarainministeriˆ,ministry of finance,
valtuuskunta,delegation,
valtuusto,"council, delegation",
valtuutettu,"council member, delegate",
v‰ltt‰‰,"to escape, to avoid",verb
v‰ltt‰m‰tˆn,"necessary, inevitable",
valvoa,to keep an eye on,verb
valvonta,"monitoring, surveillance",
vamma,"disability, handicap",
vanhempi,"1. senior, 2. older (comparative of old)",
vanheta,to grow old,verb
vanhus,"senior citizen, old person",
vankeus,"imprisonment, detention, captivity",
vankila,prison,
vankka,"robust, sturdy, strong, staunch",
vapaa-aika,free time,
vapaaehtoinen,volunteer,
vapahtaa,to redeem,verb
vapaus,freedom,
vapauttaa,to free,verb
vapautua,to be freed,verb
vara,"reserve, allowance",
varassa,dependent on (sth),
varasto,"stock, storage",
varata,to reserve,verb
varhainen,early,
v‰ri,color,
v‰rik‰s,colorful,
varjo,"shadow, umbrella",
varma,"certain, sure",
varmaan,"surely, certainly",
varmistaa,to ensure,verb
varmuus,certainty,
varoa,"to be careful with, to look out for",verb
varoittaa,to warn,verb
varovasti,"carefully, cautiously",
varrella,"along (addessive, used like a postposition to refer to passing of time or a journey, along, during or in the course of)",
varsi,"handle, rod, shaft",
varsin,quite,
varsinainen,actual,
varsinkin,especially,
vartalo,"body, trunk, torso",
varten,"for, towards",
vartioida,to guard,verb
varttua,to grow up,verb
varustaa,to equip,verb
varuste,"accessory, piece of equipment",
varvas,toe,adjective
vastaan,"against, versus",
vastaanottaa,to receive,verb
vastaava,equivalent,
vastaavanlainen,similar,
vastainen,"opposite, opposing, facing",
vastakkainen,"opposite, contrary",
vastata,to answer,verb
vastaus,answer,
vasten,against; preceeding,
vastoin,"against (someone's will, law etc.)",
vastus,resistance,
vastustaa,"to fight, to be opposed to",verb
vastustaja,opponent,
vastuu,responsibility,
v‰sy‰,to get tired,verb
vatsa,stomach,
vatsalaukku,stomach,adjective
vauhti,speed,
vaunu,carriage,
vauva,baby,
vedota,"to plead, to appeal",verb
veikko,"brother, chap, fellow",
veli,brother,
veljes,brother,
velka,debt,
velvoittaa,to obligate,verb
velvollinen,"bound, obliged",
velvollisuus,"responsibility, duty, obligation",
Ven‰j‰,Russia,
ven‰l‰inen,Russian,
vene,boat,
verho,"curtain, window blind",
veri,blood,
verisuoni,vein,adjective
verkko,"net, internet",
vero,tax,
verottaa,to tax,verb
verotus,taxation,
verovelvollinen,taxpayer,
verrata,to compare,verb
verraten,"comparably, relatively",
verrattain,"comparably, relatively",
verta,blood,
vertailla,to compare,verb
vertailu,comparison,
vesistˆ,drainage system,
vet‰‰,to pull,verb
vet‰yty‰,"to retire, to retreat, to withdraw",verb
veto,"pulling, towing || attraction",
viel‰,yet,
viel‰p‰,"even, yet",
vienti,export,
vierailla,to visit,verb
vierailu,"visitation, call",
vieras,foreign,
Vieraskielisten,foreign-language speakers,
vieress‰,"beside, by the side, next to (vieress‰, vierest‰, viereen)",postposition
vieress‰,"beside, next to",
viesti,message,
viett‰‰,to celebrate,verb
vietto,celebration,
viha,hatred,
vihainen,angry,adjective
vihata,to hate,verb
vihollinen,enemy,
vihdoin,finally,
vihre‰,green,
viides,fifth,
viihty‰,to enjoy one ¥s stay,verb
viihtyis‰,(adj) comfortable,
viimeist‰‰n,"at the latest, not later than",
viimeksi,"lastly, the last",
Viipuri,Vyborg,
viipy‰,"to stay, to take one's time",verb
viisas,wise,
viisas/fiksu,wise/smart,adjective
viisikymment‰,fifty,
viisitoista,fifteen,
viitata,to refer to,verb
viiva,"dash, line",
vika,"fault, failure, defect, bug",
vilja,"corn, cereal, grain",
viljell‰,to cultivate,verb
viljely,"culture, cultivation",
vilkas,busy,
vilpitˆn,"sincere, bona fide",
virallinen,official,
viranomainen,"official, authority",
virasto,bureau,
virhe,"error, mistake",
virka,"post, office, position",
virkamies,public servant,
virrata,to flow,verb
virta,"flow, stream; current (physics, electronics); zip, energy, vigor, vim (personal energy)",
virtal‰hde,power source,
virtaus,current (e.g. water),
virtsarakko,bladder,adjective
vittu,"cunt, pussy, twat (slang)",
voi,butter,
voima,power,
voimakas,strong,
voittaa,to win,verb
voittaja,winner,
voitto,"profit, gains, return",
vonkua,to howl,verb
vrt.,"compare, cf. (abb.)",
vuode,bed,
vuodenaika,season,
vuokra,rent,
vuoksi,because of,
vuori,"mountain, rock",
vuoro,turn (to do sth),
vuoroin...vuoroin,"now...now, sometimes...sometimes",
vuorokausi,day and night (24 hours),
vuosikymmen,decade,
vuosisata,century,
vuosittain,annually,
vyˆhyke,"belt, zone",
vyˆt‰rˆ,waistline,adjective
ydin,"core, kernel, nucleus",
yh‰,"even, still, ever more",
yhdeks‰n,nine,
yhdenmukainen,"uniform, standard, conforming",
yhdess‰,together,
yhdist‰‰,to combine,verb
yhdisty‰,"to unify, to be joined together",verb
Yhdistyneet Kansakunnat,United Nations,
yhdistys,"association, society",
yhdysvallat,United States,
yht‰,equally,
yht‰‰n,at all,
yht‰kki‰,suddenly,
yht‰lˆ,equation,
yhteen,together,
yhteens‰,altogether,
yhteinen,"joint, mutual",
yhteiskunnallinen,"social, societal",
yhteiskunta,society,
yhteiskuntatiede,social sciences,
yhteisˆ,community,
yhteistoiminta,cooperation,
yhteistyˆ,cooperation,
yhten‰inen,uniform,
yhteys,connection,
yhtiˆ,"company, corporation, partnership",
yhty‰,to join,verb
yhtym‰,combination || consortium,
yksikkˆ,singular (gram. noun),
yksilˆ,individual,
yksimielinen,unanimous,
yksin,alone,
yksin‰inen,"lonely, solitary, deserted",
yksinkertainen,simple,
yksinomaan,exclusively,
yksinpuhelu,monologue,
yksipuolinen,one-sided,
yksityinen,private,
yksityiskohta,detail,
yksityiskohtainen,"detailed, elaborate",
yl‰puoli,upper side of an object,
yleinen,common,
yleiskokous,"general meeting, assembly",
yleisˆ,"public, audience",
yli,"past, over",
ylim‰‰r‰inen,extra,
ylin,"top, supreme, ultimate",
ylioppilas,an educational qualification awarded to a person that has successfully completed the upper secondary school final exam; a holder of such qualification,
ylioppilaskunta,student union,
ylioppilastutkinto,matriculation exam at the end of high school,
ylist‰‰,to praise,verb
ylitse,over,
ylitt‰‰,"1. to cross, 2. To exceed, surpass, go over, transcend, 3. To transgress (a limit, confine or bound, as to break a taboo)",verb
ylivoimainen,"superior, overpowering",
yll‰,above,
yll‰pit‰‰,"to keep up, to maintain",verb
yll‰tt‰‰,to surprise,verb
yll‰tys,surprise,
ylˆs,up,
ylˆsp‰in,upwards,
ym.,etc.,
ymm‰rrett‰v‰,"understandable, comprehensible",
ymp‰ri,around,
ymp‰rill‰,"around (ymp‰rill‰, ymp‰rilt‰, ymp‰rille)",postposition
ymp‰ristˆ,environment,
ymp‰rˆid‰,"to surround, to circle",verb
ympyr‰,circle,
yms.,etc. (abb.),
ynn‰,"and, plus",
yritt‰‰,"to try, to attempt",verb
yritt‰j‰,entrepreneur,
yritys,"company, enterprise, firm",
yst‰v‰,friend,
yst‰v‰llinen,friendly,
yst‰vyys,friendship,
-kin,"too, also, as well || even",
